{
  "angular_rate_norm_radps": 0.002028383481658012,
  "controller_type": "hybrid_residual_ppo",
  "duration_s": 8.8,
  "failure_modes": "hard_touchdown",
  "final_altitude_m": 0.0,
  "final_mass_kg": 1205.1656633038804,
  "fuel_margin_kg": 355.16566330388036,
  "fuel_used_kg": 44.834336696119635,
  "horizontal_touchdown_velocity_mps": 0.048505168939380776,
  "landing_position_error_m": 0.1214814363546394,
  "max_dynamic_pressure_pa": 243.98296942659036,
  "oscillation_count": 0.0,
  "saturation_fraction": 0.12429378531073447,
  "seed": 7.0,
  "success": false,
  "termination_reason": "touchdown",
  "tilt_angle_deg": 0.08636230438211524,
  "touchdown_detected": true,
  "touchdown_speed_mps": 4.113831898927836,
  "touchdown_time_s": 8.8,
  "vertical_touchdown_velocity_mps": -4.113545932795983,
  "yaw_excluded_from_success_criteria": true
}