{
  "final_altitude_m": 0.0,
  "final_mass_kg": 1206.2609777076245,
  "fuel_margin_kg": 356.26097770762453,
  "fuel_used_kg": 43.739022292375466,
  "success": false,
  "termination_reason": "touchdown",
  "touchdown_time_s": 9.099999999999994,
  "vertical_touchdown_velocity_mps": -7.701462500942029
}