{
  "angular_rate_norm_radps": 0.00223923707049123,
  "controller_type": "hybrid_residual_ppo",
  "duration_s": 8.6,
  "failure_modes": "hard_touchdown",
  "final_altitude_m": 0.0,
  "final_mass_kg": 1206.1804928704844,
  "fuel_margin_kg": 356.1804928704844,
  "fuel_used_kg": 43.819507129515614,
  "horizontal_touchdown_velocity_mps": 0.0441356942595765,
  "landing_position_error_m": 0.017460295832924022,
  "max_dynamic_pressure_pa": 249.18236740324056,
  "oscillation_count": 0.0,
  "saturation_fraction": 0.057803468208092484,
  "seed": 7.0,
  "success": false,
  "termination_reason": "touchdown",
  "tilt_angle_deg": 0.0930210892587334,
  "touchdown_detected": true,
  "touchdown_speed_mps": 4.706306210595373,
  "touchdown_time_s": 8.6,
  "vertical_touchdown_velocity_mps": -4.7060992539874045,
  "yaw_excluded_from_success_criteria": true
}