{
  "angular_rate_norm_radps": 0.002528159146126268,
  "controller_type": "hybrid_residual_ppo",
  "duration_s": 8.450000000000001,
  "failure_modes": "hard_touchdown",
  "final_altitude_m": 0.0,
  "final_mass_kg": 1208.0849171724774,
  "fuel_margin_kg": 358.0849171724774,
  "fuel_used_kg": 41.91508282752261,
  "horizontal_touchdown_velocity_mps": 0.05314940951161537,
  "landing_position_error_m": 0.07305103189404862,
  "max_dynamic_pressure_pa": 246.12669764032992,
  "oscillation_count": 0.0,
  "saturation_fraction": 0.1,
  "seed": 7.0,
  "success": false,
  "termination_reason": "touchdown",
  "tilt_angle_deg": 0.1304366977301012,
  "touchdown_detected": true,
  "touchdown_speed_mps": 7.519950721402071,
  "touchdown_time_s": 8.450000000000001,
  "vertical_touchdown_velocity_mps": -7.519762894705131,
  "yaw_excluded_from_success_criteria": true
}