{
  "angular_rate_norm_radps": 0.002272239767193623,
  "controller_type": "hybrid_residual_ppo",
  "duration_s": 8.6,
  "failure_modes": "hard_touchdown",
  "final_altitude_m": 0.0,
  "final_mass_kg": 1206.2264040788987,
  "fuel_margin_kg": 356.22640407889867,
  "fuel_used_kg": 43.77359592110133,
  "horizontal_touchdown_velocity_mps": 0.04372565949966367,
  "landing_position_error_m": 0.01728432924255268,
  "max_dynamic_pressure_pa": 249.18236740324056,
  "oscillation_count": 0.0,
  "saturation_fraction": 0.06358381502890173,
  "seed": 7.0,
  "success": false,
  "termination_reason": "touchdown",
  "tilt_angle_deg": 0.09170102645913888,
  "touchdown_detected": true,
  "touchdown_speed_mps": 4.8111198843479945,
  "touchdown_time_s": 8.6,
  "vertical_touchdown_velocity_mps": -4.8109211808415635,
  "yaw_excluded_from_success_criteria": true
}