{
  "angular_rate_norm_radps": 0.0028233331638075608,
  "duration_s": 8.04999999999998,
  "failure_modes": "hard_touchdown",
  "final_altitude_m": 0.0,
  "final_mass_kg": 1210.2398456420408,
  "fuel_margin_kg": 360.2398456420408,
  "fuel_used_kg": 39.76015435795921,
  "horizontal_touchdown_velocity_mps": 0.0716018113107989,
  "landing_position_error_m": 0.14761690234354152,
  "max_dynamic_pressure_pa": 259.7162034258413,
  "oscillation_count": 0.0,
  "saturation_fraction": 0.12962962962962962,
  "seed": 7.0,
  "success": false,
  "termination_reason": "touchdown",
  "tilt_angle_deg": 0.16039365944561906,
  "touchdown_detected": true,
  "touchdown_speed_mps": 9.155002859335188,
  "touchdown_time_s": 8.04999999999998,
  "vertical_touchdown_velocity_mps": -9.154722854082065,
  "yaw_excluded_from_success_criteria": true
}