{
  "angular_rate_norm_radps": 0.0022208777368123217,
  "controller_type": "hybrid_residual_ppo",
  "duration_s": 8.6,
  "failure_modes": "hard_touchdown",
  "final_altitude_m": 0.0,
  "final_mass_kg": 1206.2425020307865,
  "fuel_margin_kg": 356.24250203078645,
  "fuel_used_kg": 43.757497969213546,
  "horizontal_touchdown_velocity_mps": 0.04407442790970789,
  "landing_position_error_m": 0.017332371137461076,
  "max_dynamic_pressure_pa": 249.18236740324056,
  "oscillation_count": 0.0,
  "saturation_fraction": 0.046242774566473986,
  "seed": 7.0,
  "success": false,
  "termination_reason": "touchdown",
  "tilt_angle_deg": 0.09334491935039711,
  "touchdown_detected": true,
  "touchdown_speed_mps": 4.849095620065817,
  "touchdown_time_s": 8.6,
  "vertical_touchdown_velocity_mps": -4.848895315156424,
  "yaw_excluded_from_success_criteria": true
}