{
  "final_vz_ref_mps": -0.8,
  "max_abs_vertical_tracking_error_mps": 4.125288376038884,
  "max_horizontal_speed_mps": 0.08477374078626268,
  "max_throttle_rate_per_s": 0.2597436832759259,
  "max_tilt_deg": 0.2387533772624155,
  "mean_horizontal_speed_mps": 0.06203149781577451,
  "mean_throttle": 0.9165790725518638,
  "mean_tilt_deg": 0.15596601965726029,
  "mean_vertical_tracking_error_mps": -4.050119231717072,
  "samples": 21,
  "time_end_s": 8.6,
  "time_start_s": 7.6000000000000005,
  "window_s": 1.0
}