{
  "angular_rate_norm_radps": 0.003219334332627815,
  "duration_s": 7.599999999999981,
  "failure_modes": "hard_touchdown",
  "final_altitude_m": 0.0,
  "final_mass_kg": 1212.3726510998695,
  "fuel_margin_kg": 362.3726510998695,
  "fuel_used_kg": 37.62734890013053,
  "horizontal_touchdown_velocity_mps": 0.07378684047038454,
  "landing_position_error_m": 0.11824401874266592,
  "max_dynamic_pressure_pa": 269.2451713000344,
  "oscillation_count": 0.0,
  "saturation_fraction": 0.20915032679738563,
  "seed": 7.0,
  "success": false,
  "termination_reason": "touchdown",
  "tilt_angle_deg": 0.22007798355662395,
  "touchdown_detected": true,
  "touchdown_speed_mps": 10.476669198114502,
  "touchdown_time_s": 7.599999999999981,
  "vertical_touchdown_velocity_mps": -10.476409355733221,
  "yaw_excluded_from_success_criteria": true
}