{
  "angular_rate_norm_radps": 0.002245916024175828,
  "controller_type": "hybrid_residual_ppo",
  "duration_s": 8.6,
  "failure_modes": "hard_touchdown",
  "final_altitude_m": 0.0,
  "final_mass_kg": 1206.1828316829833,
  "fuel_margin_kg": 356.1828316829833,
  "fuel_used_kg": 43.817168317016694,
  "horizontal_touchdown_velocity_mps": 0.0439112095991637,
  "landing_position_error_m": 0.01741620508631037,
  "max_dynamic_pressure_pa": 249.18236740324056,
  "oscillation_count": 0.0,
  "saturation_fraction": 0.06358381502890173,
  "seed": 7.0,
  "success": false,
  "termination_reason": "touchdown",
  "tilt_angle_deg": 0.09159489896323672,
  "touchdown_detected": true,
  "touchdown_speed_mps": 4.7110394296375295,
  "touchdown_time_s": 8.6,
  "vertical_touchdown_velocity_mps": -4.710834778812672,
  "yaw_excluded_from_success_criteria": true
}