{
  "duration_s": 2.0,
  "final_altitude_m": 76.86883638334717,
  "final_downrange_error_m": 17.1708486898795,
  "final_mass_kg": 1240.1302414116196,
  "final_speed_mps": 33.582374431722265,
  "fuel_used_kg": 9.869758588380364,
  "max_dynamic_pressure_pa": 675.1838372018739,
  "seed": 7.0
}