{
  "angular_rate_norm_radps": 0.0022514739587566933,
  "controller_type": "hybrid_residual_ppo",
  "duration_s": 8.6,
  "failure_modes": "hard_touchdown",
  "final_altitude_m": 0.0,
  "final_mass_kg": 1206.2216221328047,
  "fuel_margin_kg": 356.22162213280467,
  "fuel_used_kg": 43.77837786719533,
  "horizontal_touchdown_velocity_mps": 0.043969597021870324,
  "landing_position_error_m": 0.017340542352916936,
  "max_dynamic_pressure_pa": 249.18236740324056,
  "oscillation_count": 0.0,
  "saturation_fraction": 0.057803468208092484,
  "seed": 7.0,
  "success": false,
  "termination_reason": "touchdown",
  "tilt_angle_deg": 0.09301092800657448,
  "touchdown_detected": true,
  "touchdown_speed_mps": 4.800733035338223,
  "touchdown_time_s": 8.6,
  "vertical_touchdown_velocity_mps": -4.800531673796715,
  "yaw_excluded_from_success_criteria": true
}