{
  "final_altitude_m": 0.0,
  "final_mass_kg": 1214.175290392339,
  "fuel_margin_kg": 364.1752903923391,
  "fuel_used_kg": 35.82470960766091,
  "success": false,
  "termination_reason": "touchdown",
  "touchdown_time_s": 7.649999999999981,
  "vertical_touchdown_velocity_mps": -11.757303053202081
}