{
  "angular_rate_norm_radps": 0.0020520034518564443,
  "duration_s": 9.540000000000001,
  "failure_modes": "none",
  "final_altitude_m": 0.0,
  "final_downrange_error_m": 0.025341558145005622,
  "final_mass_kg": 1200.837935702673,
  "final_speed_mps": 0.6549707950640502,
  "fuel_margin_kg": 350.8379357026729,
  "fuel_used_kg": 49.162064297327106,
  "horizontal_touchdown_velocity_mps": 0.03743006407815362,
  "landing_position_error_m": 0.025341558145005622,
  "max_dynamic_pressure_pa": 322.1439252003294,
  "oscillation_count": 0.0,
  "requested_duration_s": 45.0,
  "saturation_fraction": 0.14853556485355648,
  "seed": 7.0,
  "success": true,
  "termination_reason": "touchdown",
  "tilt_angle_deg": 0.11378373760103923,
  "touchdown_detected": true,
  "touchdown_speed_mps": 0.6549707950640502,
  "touchdown_time_s": 9.540000000000001,
  "vertical_touchdown_velocity_mps": -0.653900399671035,
  "yaw_excluded_from_success_criteria": true
}