{
  "angular_rate_norm_radps": 0.001575508310837777,
  "duration_s": 9.540000000000001,
  "failure_modes": "none",
  "final_altitude_m": 0.0,
  "final_downrange_error_m": 0.11091202975917923,
  "final_mass_kg": 1200.9185963337386,
  "final_speed_mps": 0.6569674630883828,
  "fuel_margin_kg": 350.9185963337386,
  "fuel_used_kg": 49.081403666261394,
  "horizontal_touchdown_velocity_mps": 0.04399596793636561,
  "landing_position_error_m": 0.11091202975917923,
  "max_dynamic_pressure_pa": 379.8379890498165,
  "oscillation_count": 0.0,
  "requested_duration_s": 45.0,
  "saturation_fraction": 0.14853556485355648,
  "seed": 7.0,
  "success": true,
  "termination_reason": "touchdown",
  "tilt_angle_deg": 0.0880456395900351,
  "touchdown_detected": true,
  "touchdown_speed_mps": 0.6569674630883828,
  "touchdown_time_s": 9.540000000000001,
  "vertical_touchdown_velocity_mps": -0.6554926409671797,
  "yaw_excluded_from_success_criteria": true
}