{
  "angular_rate_norm_radps": 0.0035413511108449767,
  "duration_s": 8.04999999999998,
  "failure_modes": "hard_touchdown",
  "final_altitude_m": 0.0,
  "final_mass_kg": 1209.6901431174992,
  "fuel_margin_kg": 359.69014311749925,
  "fuel_used_kg": 40.30985688250075,
  "horizontal_touchdown_velocity_mps": 0.059362137512048725,
  "landing_position_error_m": 0.11065748872002305,
  "max_dynamic_pressure_pa": 260.7906859845619,
  "oscillation_count": 0.0,
  "saturation_fraction": 0.13580246913580246,
  "seed": 7.0,
  "success": false,
  "termination_reason": "touchdown",
  "tilt_angle_deg": 0.15129859181348113,
  "touchdown_detected": true,
  "touchdown_speed_mps": 7.927692146838431,
  "touchdown_time_s": 8.04999999999998,
  "vertical_touchdown_velocity_mps": -7.927469893457415,
  "yaw_excluded_from_success_criteria": true
}