{
  "angular_rate_norm_radps": 0.002811409385449184,
  "duration_s": 8.04999999999998,
  "failure_modes": "hard_touchdown",
  "final_altitude_m": 0.0,
  "final_mass_kg": 1210.2393068964673,
  "fuel_margin_kg": 360.23930689646727,
  "fuel_used_kg": 39.76069310353273,
  "horizontal_touchdown_velocity_mps": 0.07094019761011089,
  "landing_position_error_m": 0.14493027245733708,
  "max_dynamic_pressure_pa": 259.8012254763013,
  "oscillation_count": 0.0,
  "saturation_fraction": 0.12962962962962962,
  "seed": 7.0,
  "success": false,
  "termination_reason": "touchdown",
  "tilt_angle_deg": 0.16067241050535083,
  "touchdown_detected": true,
  "touchdown_speed_mps": 9.157462460417763,
  "touchdown_time_s": 8.04999999999998,
  "vertical_touchdown_velocity_mps": -9.15718767975865,
  "yaw_excluded_from_success_criteria": true
}