{
  "angular_rate_norm_radps": 0.002258718606971874,
  "controller_type": "hybrid_residual_ppo",
  "duration_s": 8.6,
  "failure_modes": "hard_touchdown",
  "final_altitude_m": 0.0,
  "final_mass_kg": 1206.209394605305,
  "fuel_margin_kg": 356.2093946053051,
  "fuel_used_kg": 43.79060539469492,
  "horizontal_touchdown_velocity_mps": 0.043919921383750074,
  "landing_position_error_m": 0.017354310520405022,
  "max_dynamic_pressure_pa": 249.18236740324056,
  "oscillation_count": 0.0,
  "saturation_fraction": 0.06358381502890173,
  "seed": 7.0,
  "success": false,
  "termination_reason": "touchdown",
  "tilt_angle_deg": 0.09256488486961051,
  "touchdown_detected": true,
  "touchdown_speed_mps": 4.772422060707881,
  "touchdown_time_s": 8.6,
  "vertical_touchdown_velocity_mps": -4.772219962034117,
  "yaw_excluded_from_success_criteria": true
}