{
  "angular_rate_norm_radps": 0.002011337864651948,
  "controller_type": "hybrid_residual_ppo",
  "duration_s": 8.8,
  "failure_modes": "hard_touchdown",
  "final_altitude_m": 0.0,
  "final_mass_kg": 1205.2526762917282,
  "fuel_margin_kg": 355.2526762917282,
  "fuel_used_kg": 44.74732370827178,
  "horizontal_touchdown_velocity_mps": 0.04847444110112999,
  "landing_position_error_m": 0.12420233122647888,
  "max_dynamic_pressure_pa": 243.9857785160107,
  "oscillation_count": 0.0,
  "saturation_fraction": 0.11864406779661017,
  "seed": 7.0,
  "success": false,
  "termination_reason": "touchdown",
  "tilt_angle_deg": 0.08811204990666106,
  "touchdown_detected": true,
  "touchdown_speed_mps": 4.315316400366086,
  "touchdown_time_s": 8.8,
  "vertical_touchdown_velocity_mps": -4.315044132315271,
  "yaw_excluded_from_success_criteria": true
}