{
  "angular_rate_norm_radps": 0.0019762897750577714,
  "duration_s": 9.540000000000001,
  "failure_modes": "none",
  "final_altitude_m": 0.0,
  "final_downrange_error_m": 0.05695923332225797,
  "final_mass_kg": 912.5947184376533,
  "final_speed_mps": 0.6713097951868082,
  "fuel_margin_kg": 62.59471843765334,
  "fuel_used_kg": 37.40528156234666,
  "horizontal_touchdown_velocity_mps": 0.045396759226998644,
  "landing_position_error_m": 0.05695923332225797,
  "max_dynamic_pressure_pa": 332.29852748213904,
  "oscillation_count": 0.0,
  "requested_duration_s": 45.0,
  "saturation_fraction": 0.15271966527196654,
  "seed": 7.0,
  "success": true,
  "termination_reason": "touchdown",
  "tilt_angle_deg": 0.1223991332641431,
  "touchdown_detected": true,
  "touchdown_speed_mps": 0.6713097951868082,
  "touchdown_time_s": 9.540000000000001,
  "vertical_touchdown_velocity_mps": -0.6697730775161392,
  "yaw_excluded_from_success_criteria": true
}