{
  "angular_rate_norm_radps": 0.002118871641104307,
  "controller_type": "hybrid_residual_ppo",
  "duration_s": 8.8,
  "failure_modes": "hard_touchdown",
  "final_altitude_m": 0.0,
  "final_mass_kg": 1205.1545204181793,
  "fuel_margin_kg": 355.15452041817935,
  "fuel_used_kg": 44.845479581820655,
  "horizontal_touchdown_velocity_mps": 0.040543915407549924,
  "landing_position_error_m": 0.13638714807049213,
  "max_dynamic_pressure_pa": 244.0426178692813,
  "oscillation_count": 0.0,
  "saturation_fraction": 0.11864406779661017,
  "seed": 7.0,
  "success": false,
  "termination_reason": "touchdown",
  "tilt_angle_deg": 0.08685083491318964,
  "touchdown_detected": true,
  "touchdown_speed_mps": 4.0904178081627185,
  "touchdown_time_s": 8.8,
  "vertical_touchdown_velocity_mps": -4.090216869098523,
  "yaw_excluded_from_success_criteria": true
}