{
  "final_vz_ref_mps": -0.8,
  "max_abs_vertical_tracking_error_mps": 3.7329441206294662,
  "max_horizontal_speed_mps": 0.07686807998388454,
  "max_throttle_rate_per_s": 0.2684341098538079,
  "max_tilt_deg": 0.20750752328915764,
  "mean_horizontal_speed_mps": 0.0567985671963782,
  "mean_throttle": 0.9276661466960671,
  "mean_tilt_deg": 0.13792992979405308,
  "mean_vertical_tracking_error_mps": -3.5335633706992216,
  "samples": 21,
  "time_end_s": 8.8,
  "time_start_s": 7.800000000000001,
  "window_s": 1.0
}