{
  "angular_rate_norm_radps": 0.0017613098428076155,
  "duration_s": 9.540000000000001,
  "failure_modes": "none",
  "final_altitude_m": 0.0,
  "final_downrange_error_m": 0.06545395017829957,
  "final_mass_kg": 1200.8765694990943,
  "final_speed_mps": 0.6559593188964861,
  "fuel_margin_kg": 350.87656949909433,
  "fuel_used_kg": 49.12343050090567,
  "horizontal_touchdown_velocity_mps": 0.04244214838141379,
  "landing_position_error_m": 0.06545395017829957,
  "max_dynamic_pressure_pa": 343.3110412156736,
  "oscillation_count": 0.0,
  "requested_duration_s": 45.0,
  "saturation_fraction": 0.14853556485355648,
  "seed": 7.0,
  "success": true,
  "termination_reason": "touchdown",
  "tilt_angle_deg": 0.07620313501201353,
  "touchdown_detected": true,
  "touchdown_speed_mps": 0.6559593188964861,
  "touchdown_time_s": 9.540000000000001,
  "vertical_touchdown_velocity_mps": -0.6545848242114325,
  "yaw_excluded_from_success_criteria": true
}