{
  "angular_rate_norm_radps": 0.0022416249914280276,
  "controller_type": "hybrid_residual_ppo",
  "duration_s": 8.6,
  "failure_modes": "hard_touchdown",
  "final_altitude_m": 0.0,
  "final_mass_kg": 1206.1954198235665,
  "fuel_margin_kg": 356.19541982356645,
  "fuel_used_kg": 43.80458017643355,
  "horizontal_touchdown_velocity_mps": 0.04395268302034107,
  "landing_position_error_m": 0.017398267605783457,
  "max_dynamic_pressure_pa": 249.18236740324056,
  "oscillation_count": 0.0,
  "saturation_fraction": 0.057803468208092484,
  "seed": 7.0,
  "success": false,
  "termination_reason": "touchdown",
  "tilt_angle_deg": 0.09207706400926098,
  "touchdown_detected": true,
  "touchdown_speed_mps": 4.740175629369662,
  "touchdown_time_s": 8.6,
  "vertical_touchdown_velocity_mps": -4.739971852123743,
  "yaw_excluded_from_success_criteria": true
}