{
  "angular_rate_norm_radps": 0.001954219733198546,
  "duration_s": 9.540000000000001,
  "failure_modes": "none",
  "final_altitude_m": 0.0,
  "final_downrange_error_m": 0.05017832525179764,
  "final_mass_kg": 1104.7904103518538,
  "final_speed_mps": 0.6609234183950532,
  "fuel_margin_kg": 254.79041035185378,
  "fuel_used_kg": 45.20958964814622,
  "horizontal_touchdown_velocity_mps": 0.041839622357399235,
  "landing_position_error_m": 0.05017832525179764,
  "max_dynamic_pressure_pa": 328.3772664279802,
  "oscillation_count": 0.0,
  "requested_duration_s": 45.0,
  "saturation_fraction": 0.12761506276150628,
  "seed": 7.0,
  "success": true,
  "termination_reason": "touchdown",
  "tilt_angle_deg": 0.11521832421372881,
  "touchdown_detected": true,
  "touchdown_speed_mps": 0.6609234183950532,
  "touchdown_time_s": 9.540000000000001,
  "vertical_touchdown_velocity_mps": -0.6595977645383532,
  "yaw_excluded_from_success_criteria": true
}