dt_s,success,failure_modes,yaw_excluded_from_success_criteria,touchdown_time_s,vertical_touchdown_velocity_mps,horizontal_touchdown_velocity_mps,touchdown_speed_mps,tilt_angle_deg,angular_rate_norm_radps,landing_position_error_m,fuel_used_kg,final_mass_kg,fuel_margin_kg,max_dynamic_pressure_pa,saturation_fraction,oscillation_count,final_altitude_m,seed,duration_s,requested_duration_s,termination_reason,touchdown_detected,final_downrange_error_m,final_speed_mps,max_quaternion_norm_error,min_mass_kg,mass_floor_respected,throttle_limits_respected,gimbal_limits_respected
0.04,True,none,True,9.56,-0.6314037441828655,0.03965912088991903,0.6326480332996401,0.10980773019034001,0.0019226562674931557,0.04621299964479171,49.241443477794746,1200.7585565222053,350.75855652220525,325.77442058167145,0.15,0.0,0.0,7.0,9.56,45.0,touchdown,True,0.04621299964479171,0.6326480332996401,2.220446049250313e-16,1200.7585565222053,True,True,True
0.02,True,none,True,9.540000000000001,-0.6542858510416673,0.04010331709429201,0.6555137305314696,0.11121061354571216,0.0019356172397300838,0.047026087539138284,49.145897643029684,1200.8541023569703,350.8541023569703,325.87725504790006,0.14853556485355648,0.0,0.0,7.0,9.540000000000001,45.0,touchdown,True,0.047026087539138284,0.6555137305314696,2.220446049250313e-16,1200.8541023569703,True,True,True
0.01,True,none,True,9.53,-0.6728361618713441,0.04033786420136987,0.6740442448460559,0.11190803756607097,0.0019406710031933845,0.04742899042839265,49.0957030809634,1200.9042969190366,350.9042969190366,325.88375326792556,0.14779874213836477,0.0,0.0,7.0,9.53,45.0,touchdown,True,0.04742899042839265,0.6740442448460559,2.220446049250313e-16,1200.9042969190366,True,True,True
