{
  "angular_rate_norm_radps": 0.00282359590128208,
  "duration_s": 8.04999999999998,
  "failure_modes": "hard_touchdown",
  "final_altitude_m": 0.0,
  "final_mass_kg": 1210.239849918014,
  "fuel_margin_kg": 360.239849918014,
  "fuel_used_kg": 39.76015008198601,
  "horizontal_touchdown_velocity_mps": 0.0715946826841097,
  "landing_position_error_m": 0.1477517616363106,
  "max_dynamic_pressure_pa": 259.71547814716496,
  "oscillation_count": 0.0,
  "saturation_fraction": 0.12962962962962962,
  "seed": 7.0,
  "success": false,
  "termination_reason": "touchdown",
  "tilt_angle_deg": 0.16039234082616266,
  "touchdown_detected": true,
  "touchdown_speed_mps": 9.154985159174453,
  "touchdown_time_s": 8.04999999999998,
  "vertical_touchdown_velocity_mps": -9.154705209132398,
  "yaw_excluded_from_success_criteria": true
}