{
  "angular_rate_norm_radps": 0.002262524108144299,
  "controller_type": "hybrid_residual_ppo",
  "duration_s": 8.6,
  "failure_modes": "hard_touchdown",
  "final_altitude_m": 0.0,
  "final_mass_kg": 1206.1734035320762,
  "fuel_margin_kg": 356.17340353207624,
  "fuel_used_kg": 43.826596467923764,
  "horizontal_touchdown_velocity_mps": 0.043853135219417264,
  "landing_position_error_m": 0.017417544879072912,
  "max_dynamic_pressure_pa": 249.18236740324056,
  "oscillation_count": 0.0,
  "saturation_fraction": 0.06936416184971098,
  "seed": 7.0,
  "success": false,
  "termination_reason": "touchdown",
  "tilt_angle_deg": 0.09139835714368306,
  "touchdown_detected": true,
  "touchdown_speed_mps": 4.689189283072782,
  "touchdown_time_s": 8.6,
  "vertical_touchdown_velocity_mps": -4.688984222090756,
  "yaw_excluded_from_success_criteria": true
}