{
  "angular_rate_norm_radps": 0.36047245319710614,
  "controller_type": "hierarchical_ppo",
  "duration_s": 7.3500000000000005,
  "failure_modes": "hard_touchdown;horizontal_speed;lateral_miss;tilt_over",
  "final_altitude_m": 0.0,
  "final_mass_kg": 1215.5474392074661,
  "fuel_margin_kg": 365.54743920746614,
  "fuel_used_kg": 34.45256079253386,
  "horizontal_touchdown_velocity_mps": 13.812692698651695,
  "landing_position_error_m": 33.514337134591685,
  "max_dynamic_pressure_pa": 271.0243208401738,
  "oscillation_count": 0.0,
  "saturation_fraction": 0.0,
  "seed": 7.0,
  "success": false,
  "termination_reason": "touchdown",
  "tilt_angle_deg": 31.54754318828288,
  "touchdown_detected": true,
  "touchdown_speed_mps": 20.2506418921753,
  "touchdown_time_s": 7.3500000000000005,
  "vertical_touchdown_velocity_mps": -14.808714240532137,
  "yaw_excluded_from_success_criteria": true
}