{
  "angular_rate_norm_radps": 0.0019356172397300838,
  "duration_s": 9.540000000000001,
  "failure_modes": "none",
  "final_altitude_m": 0.0,
  "final_downrange_error_m": 0.047026087539138284,
  "final_mass_kg": 1200.8541023569703,
  "final_speed_mps": 0.6555137305314696,
  "fuel_margin_kg": 350.8541023569703,
  "fuel_used_kg": 49.145897643029684,
  "horizontal_touchdown_velocity_mps": 0.04010331709429201,
  "landing_position_error_m": 0.047026087539138284,
  "max_dynamic_pressure_pa": 325.87725504790006,
  "oscillation_count": 0.0,
  "requested_duration_s": 45.0,
  "saturation_fraction": 0.14853556485355648,
  "seed": 7.0,
  "success": true,
  "termination_reason": "touchdown",
  "tilt_angle_deg": 0.11121061354571216,
  "touchdown_detected": true,
  "touchdown_speed_mps": 0.6555137305314696,
  "touchdown_time_s": 9.540000000000001,
  "vertical_touchdown_velocity_mps": -0.6542858510416673,
  "yaw_excluded_from_success_criteria": true
}