{
  "angular_rate_norm_radps": 0.002036164760724194,
  "controller_type": "hybrid_residual_ppo",
  "duration_s": 8.8,
  "failure_modes": "hard_touchdown",
  "final_altitude_m": 0.0,
  "final_mass_kg": 1205.1642562806564,
  "fuel_margin_kg": 355.16425628065645,
  "fuel_used_kg": 44.835743719343554,
  "horizontal_touchdown_velocity_mps": 0.04757923781834176,
  "landing_position_error_m": 0.12305233875939532,
  "max_dynamic_pressure_pa": 244.01078233358018,
  "oscillation_count": 0.0,
  "saturation_fraction": 0.12429378531073447,
  "seed": 7.0,
  "success": false,
  "termination_reason": "touchdown",
  "tilt_angle_deg": 0.0862410099898698,
  "touchdown_detected": true,
  "touchdown_speed_mps": 4.111605675002414,
  "touchdown_time_s": 8.8,
  "vertical_touchdown_velocity_mps": -4.111330373837729,
  "yaw_excluded_from_success_criteria": true
}