{
  "angular_rate_norm_radps": 0.0019226562674931557,
  "duration_s": 9.56,
  "failure_modes": "none",
  "final_altitude_m": 0.0,
  "final_downrange_error_m": 0.04621299964479171,
  "final_mass_kg": 1200.7585565222053,
  "final_speed_mps": 0.6326480332996401,
  "fuel_margin_kg": 350.75855652220525,
  "fuel_used_kg": 49.241443477794746,
  "horizontal_touchdown_velocity_mps": 0.03965912088991903,
  "landing_position_error_m": 0.04621299964479171,
  "max_dynamic_pressure_pa": 325.77442058167145,
  "oscillation_count": 0.0,
  "requested_duration_s": 45.0,
  "saturation_fraction": 0.15,
  "seed": 7.0,
  "success": true,
  "termination_reason": "touchdown",
  "tilt_angle_deg": 0.10980773019034001,
  "touchdown_detected": true,
  "touchdown_speed_mps": 0.6326480332996401,
  "touchdown_time_s": 9.56,
  "vertical_touchdown_velocity_mps": -0.6314037441828655,
  "yaw_excluded_from_success_criteria": true
}