{
  "angular_rate_norm_radps": 0.002046473443026976,
  "duration_s": 9.52,
  "failure_modes": "none",
  "final_altitude_m": 0.0,
  "final_downrange_error_m": 0.07636444868647284,
  "final_mass_kg": 1200.8504929877195,
  "final_speed_mps": 0.6932663829650868,
  "fuel_margin_kg": 350.85049298771946,
  "fuel_used_kg": 49.14950701228054,
  "horizontal_touchdown_velocity_mps": 0.037276264814943026,
  "landing_position_error_m": 0.07636444868647284,
  "max_dynamic_pressure_pa": 322.1394468667994,
  "oscillation_count": 0.0,
  "requested_duration_s": 45.0,
  "saturation_fraction": 0.1530398322851153,
  "seed": 7.0,
  "success": true,
  "termination_reason": "touchdown",
  "tilt_angle_deg": 0.11341058745855012,
  "touchdown_detected": true,
  "touchdown_speed_mps": 0.6932663829650868,
  "touchdown_time_s": 9.52,
  "vertical_touchdown_velocity_mps": -0.6922635031770349,
  "yaw_excluded_from_success_criteria": true
}