{
  "angular_rate_norm_radps": 0.0019406710031933845,
  "duration_s": 9.53,
  "failure_modes": "none",
  "final_altitude_m": 0.0,
  "final_downrange_error_m": 0.04742899042839265,
  "final_mass_kg": 1200.9042969190366,
  "final_speed_mps": 0.6740442448460559,
  "fuel_margin_kg": 350.9042969190366,
  "fuel_used_kg": 49.0957030809634,
  "horizontal_touchdown_velocity_mps": 0.04033786420136987,
  "landing_position_error_m": 0.04742899042839265,
  "max_dynamic_pressure_pa": 325.88375326792556,
  "oscillation_count": 0.0,
  "requested_duration_s": 45.0,
  "saturation_fraction": 0.14779874213836477,
  "seed": 7.0,
  "success": true,
  "termination_reason": "touchdown",
  "tilt_angle_deg": 0.11190803756607097,
  "touchdown_detected": true,
  "touchdown_speed_mps": 0.6740442448460559,
  "touchdown_time_s": 9.53,
  "vertical_touchdown_velocity_mps": -0.6728361618713441,
  "yaw_excluded_from_success_criteria": true
}