{
  "angular_rate_norm_radps": 0.0038489224130844914,
  "duration_s": 7.84999999999998,
  "failure_modes": "hard_touchdown",
  "final_altitude_m": 0.0,
  "final_mass_kg": 1210.714028580814,
  "fuel_margin_kg": 360.7140285808141,
  "fuel_used_kg": 39.2859714191859,
  "horizontal_touchdown_velocity_mps": 0.06267486830013767,
  "landing_position_error_m": 0.046862031581898785,
  "max_dynamic_pressure_pa": 266.966345123743,
  "oscillation_count": 0.0,
  "saturation_fraction": 0.0759493670886076,
  "seed": 7.0,
  "success": false,
  "termination_reason": "touchdown",
  "tilt_angle_deg": 0.1721223305922811,
  "touchdown_detected": true,
  "touchdown_speed_mps": 8.619795544052337,
  "touchdown_time_s": 7.84999999999998,
  "vertical_touchdown_velocity_mps": -8.619567685339451,
  "yaw_excluded_from_success_criteria": true
}