{
  "angular_rate_norm_radps": 0.0019282346728354447,
  "duration_s": 9.52,
  "failure_modes": "none",
  "final_altitude_m": 0.0,
  "final_downrange_error_m": 0.07106413417324099,
  "final_mass_kg": 1200.8575260932462,
  "final_speed_mps": 0.6933733560138962,
  "fuel_margin_kg": 350.8575260932462,
  "fuel_used_kg": 49.14247390675382,
  "horizontal_touchdown_velocity_mps": 0.0398944545272139,
  "landing_position_error_m": 0.07106413417324099,
  "max_dynamic_pressure_pa": 325.8363779207444,
  "oscillation_count": 0.0,
  "requested_duration_s": 45.0,
  "saturation_fraction": 0.15723270440251572,
  "seed": 7.0,
  "success": true,
  "termination_reason": "touchdown",
  "tilt_angle_deg": 0.11052502568891379,
  "touchdown_detected": true,
  "touchdown_speed_mps": 0.6933733560138962,
  "touchdown_time_s": 9.52,
  "vertical_touchdown_velocity_mps": -0.6922247058058165,
  "yaw_excluded_from_success_criteria": true
}