{
  "angular_rate_norm_radps": 0.002454685072662789,
  "controller_type": "hybrid_residual_ppo",
  "duration_s": 8.4,
  "failure_modes": "hard_touchdown",
  "final_altitude_m": 0.0,
  "final_mass_kg": 1208.592747321703,
  "fuel_margin_kg": 358.592747321703,
  "fuel_used_kg": 41.40725267829703,
  "horizontal_touchdown_velocity_mps": 0.05502320657839077,
  "landing_position_error_m": 0.09320916181283877,
  "max_dynamic_pressure_pa": 246.5945285762773,
  "oscillation_count": 0.0,
  "saturation_fraction": 0.10059171597633136,
  "seed": 7.0,
  "success": false,
  "termination_reason": "touchdown",
  "tilt_angle_deg": 0.14190968813681523,
  "touchdown_detected": true,
  "touchdown_speed_mps": 8.226511071453192,
  "touchdown_time_s": 8.4,
  "vertical_touchdown_velocity_mps": -8.226327057410238,
  "yaw_excluded_from_success_criteria": true
}