{
  "angular_rate_norm_radps": 0.0020551679517345537,
  "duration_s": 9.540000000000001,
  "failure_modes": "none",
  "final_altitude_m": 0.0,
  "final_downrange_error_m": 0.05817080200904978,
  "final_mass_kg": 1200.8582298662243,
  "final_speed_mps": 0.6557783692153952,
  "fuel_margin_kg": 350.8582298662243,
  "fuel_used_kg": 49.14177013377571,
  "horizontal_touchdown_velocity_mps": 0.03755114630536673,
  "landing_position_error_m": 0.05817080200904978,
  "max_dynamic_pressure_pa": 322.1457677709441,
  "oscillation_count": 0.0,
  "requested_duration_s": 45.0,
  "saturation_fraction": 0.14644351464435146,
  "seed": 7.0,
  "success": true,
  "termination_reason": "touchdown",
  "tilt_angle_deg": 0.11415494507582553,
  "touchdown_detected": true,
  "touchdown_speed_mps": 0.6557783692153952,
  "touchdown_time_s": 9.540000000000001,
  "vertical_touchdown_velocity_mps": -0.6547023605746021,
  "yaw_excluded_from_success_criteria": true
}