{
  "angular_rate_norm_radps": 0.002016283604707792,
  "controller_type": "hybrid_residual_ppo",
  "duration_s": 8.8,
  "failure_modes": "hard_touchdown",
  "final_altitude_m": 0.0,
  "final_mass_kg": 1205.2112500080061,
  "fuel_margin_kg": 355.2112500080061,
  "fuel_used_kg": 44.78874999199388,
  "horizontal_touchdown_velocity_mps": 0.0486443890876184,
  "landing_position_error_m": 0.12139940385273987,
  "max_dynamic_pressure_pa": 243.98464171010093,
  "oscillation_count": 0.0,
  "saturation_fraction": 0.11299435028248588,
  "seed": 7.0,
  "success": false,
  "termination_reason": "touchdown",
  "tilt_angle_deg": 0.08695369126807356,
  "touchdown_detected": true,
  "touchdown_speed_mps": 4.219491476578808,
  "touchdown_time_s": 8.8,
  "vertical_touchdown_velocity_mps": -4.219211068947784,
  "yaw_excluded_from_success_criteria": true
}