{
  "final_vz_ref_mps": -0.8,
  "max_abs_vertical_tracking_error_mps": 3.7285707481780612,
  "max_horizontal_speed_mps": 0.0843647423486354,
  "max_throttle_rate_per_s": 0.2050497234892079,
  "max_tilt_deg": 0.19939725108695702,
  "mean_horizontal_speed_mps": 0.06467782559091236,
  "mean_throttle": 0.9193571466211142,
  "mean_tilt_deg": 0.1348763410984917,
  "mean_vertical_tracking_error_mps": -3.582312050172889,
  "samples": 21,
  "time_end_s": 8.8,
  "time_start_s": 7.800000000000001,
  "window_s": 1.0
}