label,success,failure_modes,vertical_touchdown_velocity_mps,horizontal_touchdown_velocity_mps,landing_position_error_m,tilt_angle_deg,angular_rate_norm_radps
vertical_focus,False,hard_touchdown,-8.226327057410238,0.05502320657839077,0.09320916181283877,0.14190968813681523,0.002454685072662789
overspeed_assist,False,hard_touchdown,-7.519762894705131,0.05314940951161537,0.07305103189404862,0.1304366977301012,0.002528159146126268
touchdown_gate_commit,False,hard_touchdown,-8.482277687648994,0.04584111398614158,0.12034939935026998,0.15286033224684564,0.0026651226622129583
