{
  "angular_rate_norm_radps": 0.0038862132775482365,
  "duration_s": 7.84999999999998,
  "failure_modes": "hard_touchdown",
  "final_altitude_m": 0.0,
  "final_mass_kg": 1210.7483121711919,
  "fuel_margin_kg": 360.74831217119186,
  "fuel_used_kg": 39.251687828808144,
  "horizontal_touchdown_velocity_mps": 0.06277184191167748,
  "landing_position_error_m": 0.04667956993817172,
  "max_dynamic_pressure_pa": 266.966345123743,
  "oscillation_count": 0.0,
  "saturation_fraction": 0.0759493670886076,
  "seed": 7.0,
  "success": false,
  "termination_reason": "touchdown",
  "tilt_angle_deg": 0.17518931497450227,
  "touchdown_detected": true,
  "touchdown_speed_mps": 8.698615668067172,
  "touchdown_time_s": 7.84999999999998,
  "vertical_touchdown_velocity_mps": -8.698389174818905,
  "yaw_excluded_from_success_criteria": true
}