{
  "angular_rate_norm_radps": 0.003856054336099768,
  "duration_s": 7.84999999999998,
  "failure_modes": "hard_touchdown",
  "final_altitude_m": 0.0,
  "final_mass_kg": 1210.657059214245,
  "fuel_margin_kg": 360.657059214245,
  "fuel_used_kg": 39.34294078575499,
  "horizontal_touchdown_velocity_mps": 0.06242465151514504,
  "landing_position_error_m": 0.04708888207065859,
  "max_dynamic_pressure_pa": 266.966345123743,
  "oscillation_count": 0.0,
  "saturation_fraction": 0.0759493670886076,
  "seed": 7.0,
  "success": false,
  "termination_reason": "touchdown",
  "tilt_angle_deg": 0.16847295341433843,
  "touchdown_detected": true,
  "touchdown_speed_mps": 8.488686756178241,
  "touchdown_time_s": 7.84999999999998,
  "vertical_touchdown_velocity_mps": -8.488457221863056,
  "yaw_excluded_from_success_criteria": true
}