{
  "angular_rate_norm_radps": 0.0020580387961946413,
  "duration_s": 9.52,
  "failure_modes": "none",
  "final_altitude_m": 0.0,
  "final_downrange_error_m": 0.011572944682621999,
  "final_mass_kg": 1200.9158316511275,
  "final_speed_mps": 0.6967069472231041,
  "fuel_margin_kg": 350.9158316511275,
  "fuel_used_kg": 49.08416834887248,
  "horizontal_touchdown_velocity_mps": 0.03774057441571956,
  "landing_position_error_m": 0.011572944682621999,
  "max_dynamic_pressure_pa": 322.14225716425324,
  "oscillation_count": 0.0,
  "requested_duration_s": 45.0,
  "saturation_fraction": 0.1488469601677149,
  "seed": 7.0,
  "success": true,
  "termination_reason": "touchdown",
  "tilt_angle_deg": 0.11482364159101922,
  "touchdown_detected": true,
  "touchdown_speed_mps": 0.6967069472231041,
  "touchdown_time_s": 9.52,
  "vertical_touchdown_velocity_mps": -0.6956839938878202,
  "yaw_excluded_from_success_criteria": true
}