{
  "angular_rate_norm_radps": 0.0033748827349469306,
  "duration_s": 8.04999999999998,
  "failure_modes": "hard_touchdown",
  "final_altitude_m": 0.0,
  "final_mass_kg": 1209.694840271015,
  "fuel_margin_kg": 359.694840271015,
  "fuel_used_kg": 40.30515972898502,
  "horizontal_touchdown_velocity_mps": 0.0653897496009016,
  "landing_position_error_m": 0.09686179340499786,
  "max_dynamic_pressure_pa": 260.5633466074894,
  "oscillation_count": 0.0,
  "saturation_fraction": 0.12962962962962962,
  "seed": 7.0,
  "success": false,
  "termination_reason": "touchdown",
  "tilt_angle_deg": 0.14951862102832283,
  "touchdown_detected": true,
  "touchdown_speed_mps": 7.929803568229971,
  "touchdown_time_s": 8.04999999999998,
  "vertical_touchdown_velocity_mps": -7.929533959279064,
  "yaw_excluded_from_success_criteria": true
}