{
  "angular_rate_norm_radps": 0.0033300546536921207,
  "duration_s": 8.04999999999998,
  "failure_modes": "hard_touchdown",
  "final_altitude_m": 0.0,
  "final_mass_kg": 1209.709304124942,
  "fuel_margin_kg": 359.70930412494204,
  "fuel_used_kg": 40.29069587505796,
  "horizontal_touchdown_velocity_mps": 0.06465156203644246,
  "landing_position_error_m": 0.13660300004150436,
  "max_dynamic_pressure_pa": 259.89898532954425,
  "oscillation_count": 0.0,
  "saturation_fraction": 0.13580246913580246,
  "seed": 7.0,
  "success": false,
  "termination_reason": "touchdown",
  "tilt_angle_deg": 0.15521896843983427,
  "touchdown_detected": true,
  "touchdown_speed_mps": 7.939237803516081,
  "touchdown_time_s": 8.04999999999998,
  "vertical_touchdown_velocity_mps": -7.938974560754374,
  "yaw_excluded_from_success_criteria": true
}