{
  "angular_rate_norm_radps": 0.0026369476261543035,
  "controller_type": "hybrid_residual_ppo",
  "duration_s": 8.15,
  "failure_modes": "hard_touchdown",
  "final_altitude_m": 0.0,
  "final_mass_kg": 1209.7729921580528,
  "fuel_margin_kg": 359.77299215805283,
  "fuel_used_kg": 40.22700784194717,
  "horizontal_touchdown_velocity_mps": 0.055239350852060075,
  "landing_position_error_m": 0.1036518037883355,
  "max_dynamic_pressure_pa": 254.10241781161983,
  "oscillation_count": 0.0,
  "saturation_fraction": 0.0975609756097561,
  "seed": 7.0,
  "success": false,
  "termination_reason": "touchdown",
  "tilt_angle_deg": 0.16344645501648808,
  "touchdown_detected": true,
  "touchdown_speed_mps": 8.897884009766578,
  "touchdown_time_s": 8.15,
  "vertical_touchdown_velocity_mps": -8.89771254117468,
  "yaw_excluded_from_success_criteria": true
}