{
  "angular_rate_norm_radps": 0.002074722062490702,
  "controller_type": "hybrid_residual_ppo",
  "duration_s": 8.8,
  "failure_modes": "hard_touchdown",
  "final_altitude_m": 0.0,
  "final_mass_kg": 1205.141157421089,
  "fuel_margin_kg": 355.141157421089,
  "fuel_used_kg": 44.85884257891098,
  "horizontal_touchdown_velocity_mps": 0.044692025633019265,
  "landing_position_error_m": 0.10713683907868282,
  "max_dynamic_pressure_pa": 244.31672523949229,
  "oscillation_count": 0.0,
  "saturation_fraction": 0.13559322033898305,
  "seed": 7.0,
  "success": false,
  "termination_reason": "touchdown",
  "tilt_angle_deg": 0.08883465817046676,
  "touchdown_detected": true,
  "touchdown_speed_mps": 4.069279799721795,
  "touchdown_time_s": 8.8,
  "vertical_touchdown_velocity_mps": -4.069034370863519,
  "yaw_excluded_from_success_criteria": true
}