{
  "final_vz_ref_mps": -0.8,
  "max_abs_vertical_tracking_error_mps": 3.7508521822503225,
  "max_horizontal_speed_mps": 0.08096493038261202,
  "max_throttle_rate_per_s": 0.31477284695390795,
  "max_tilt_deg": 0.20408050444048803,
  "mean_horizontal_speed_mps": 0.061018885496023155,
  "mean_throttle": 0.9293668861210966,
  "mean_tilt_deg": 0.1376673360840735,
  "mean_vertical_tracking_error_mps": -3.5524426285088464,
  "samples": 21,
  "time_end_s": 8.8,
  "time_start_s": 7.800000000000001,
  "window_s": 1.0
}