{
  "angular_rate_norm_radps": 0.002827575868069158,
  "duration_s": 8.04999999999998,
  "failure_modes": "hard_touchdown",
  "final_altitude_m": 0.0,
  "final_mass_kg": 1210.239890210605,
  "fuel_margin_kg": 360.2398902106049,
  "fuel_used_kg": 39.760109789395074,
  "horizontal_touchdown_velocity_mps": 0.0713565380400404,
  "landing_position_error_m": 0.15021771543239132,
  "max_dynamic_pressure_pa": 259.7026609217533,
  "oscillation_count": 0.0,
  "saturation_fraction": 0.13580246913580246,
  "seed": 7.0,
  "success": false,
  "termination_reason": "touchdown",
  "tilt_angle_deg": 0.1604768542300629,
  "touchdown_detected": true,
  "touchdown_speed_mps": 9.154714762936313,
  "touchdown_time_s": 8.04999999999998,
  "vertical_touchdown_velocity_mps": -9.15443666400085,
  "yaw_excluded_from_success_criteria": true
}