{
  "angular_rate_norm_radps": 0.0020683951798125453,
  "controller_type": "hybrid_residual_ppo",
  "duration_s": 8.8,
  "failure_modes": "hard_touchdown",
  "final_altitude_m": 0.0,
  "final_mass_kg": 1205.1410012745907,
  "fuel_margin_kg": 355.14100127459074,
  "fuel_used_kg": 44.858998725409265,
  "horizontal_touchdown_velocity_mps": 0.0447386886327039,
  "landing_position_error_m": 0.1073727153598868,
  "max_dynamic_pressure_pa": 244.31966752548394,
  "oscillation_count": 0.0,
  "saturation_fraction": 0.13559322033898305,
  "seed": 7.0,
  "success": false,
  "termination_reason": "touchdown",
  "tilt_angle_deg": 0.08795799925296398,
  "touchdown_detected": true,
  "touchdown_speed_mps": 4.069015852764222,
  "touchdown_time_s": 8.8,
  "vertical_touchdown_velocity_mps": -4.068769895163153,
  "yaw_excluded_from_success_criteria": true
}