{
  "angular_rate_norm_radps": 0.002224318898342165,
  "controller_type": "hybrid_residual_ppo",
  "duration_s": 8.6,
  "failure_modes": "hard_touchdown",
  "final_altitude_m": 0.0,
  "final_mass_kg": 1206.176692123064,
  "fuel_margin_kg": 356.17669212306396,
  "fuel_used_kg": 43.82330787693604,
  "horizontal_touchdown_velocity_mps": 0.043973358594410435,
  "landing_position_error_m": 0.017451931797531232,
  "max_dynamic_pressure_pa": 249.18236740324056,
  "oscillation_count": 0.0,
  "saturation_fraction": 0.057803468208092484,
  "seed": 7.0,
  "success": false,
  "termination_reason": "touchdown",
  "tilt_angle_deg": 0.09135065794559326,
  "touchdown_detected": true,
  "touchdown_speed_mps": 4.696929920450021,
  "touchdown_time_s": 8.6,
  "vertical_touchdown_velocity_mps": -4.696724073367794,
  "yaw_excluded_from_success_criteria": true
}