{
  "angular_rate_norm_radps": 0.004111906446576732,
  "controller_type": "hybrid_residual_ppo",
  "duration_s": 7.4,
  "failure_modes": "hard_touchdown",
  "final_altitude_m": 0.0,
  "final_mass_kg": 1214.210802408142,
  "fuel_margin_kg": 364.21080240814194,
  "fuel_used_kg": 35.789197591858056,
  "horizontal_touchdown_velocity_mps": 0.08497064094406925,
  "landing_position_error_m": 0.15787163121606287,
  "max_dynamic_pressure_pa": 262.0897608435472,
  "oscillation_count": 0.0,
  "saturation_fraction": 0.11409395973154363,
  "seed": 7.0,
  "success": false,
  "termination_reason": "touchdown",
  "tilt_angle_deg": 0.2741077934795642,
  "touchdown_detected": true,
  "touchdown_speed_mps": 11.815189672121582,
  "touchdown_time_s": 7.4,
  "vertical_touchdown_velocity_mps": -11.814884128859921,
  "yaw_excluded_from_success_criteria": true
}