{
  "angular_rate_norm_radps": 0.0020147799992194975,
  "controller_type": "hybrid_residual_ppo",
  "duration_s": 8.8,
  "failure_modes": "hard_touchdown",
  "final_altitude_m": 0.0,
  "final_mass_kg": 1205.2301545250787,
  "fuel_margin_kg": 355.23015452507866,
  "fuel_used_kg": 44.76984547492134,
  "horizontal_touchdown_velocity_mps": 0.04870281430497958,
  "landing_position_error_m": 0.12126235371432138,
  "max_dynamic_pressure_pa": 243.98680058762508,
  "oscillation_count": 0.0,
  "saturation_fraction": 0.11299435028248588,
  "seed": 7.0,
  "success": false,
  "termination_reason": "touchdown",
  "tilt_angle_deg": 0.08732830005690002,
  "touchdown_detected": true,
  "touchdown_speed_mps": 4.263312745960468,
  "touchdown_time_s": 8.8,
  "vertical_touchdown_velocity_mps": -4.2630345536657055,
  "yaw_excluded_from_success_criteria": true
}