{
  "angular_rate_norm_radps": 0.0020053125825211992,
  "controller_type": "hybrid_residual_ppo",
  "duration_s": 8.75,
  "failure_modes": "hard_touchdown",
  "final_altitude_m": 0.0,
  "final_mass_kg": 1205.700693537866,
  "fuel_margin_kg": 355.7006935378661,
  "fuel_used_kg": 44.29930646213393,
  "horizontal_touchdown_velocity_mps": 0.049929700055976266,
  "landing_position_error_m": 0.12030201588783777,
  "max_dynamic_pressure_pa": 244.20709844039777,
  "oscillation_count": 0.0,
  "saturation_fraction": 0.10795454545454546,
  "seed": 7.0,
  "success": false,
  "termination_reason": "touchdown",
  "tilt_angle_deg": 0.0921735112304865,
  "touchdown_detected": true,
  "touchdown_speed_mps": 4.871887444658592,
  "touchdown_time_s": 8.75,
  "vertical_touchdown_velocity_mps": -4.871631584846534,
  "yaw_excluded_from_success_criteria": true
}