{
  "angular_rate_norm_radps": 0.6737411029203677,
  "controller_type": "hierarchical_ppo",
  "duration_s": 6.3500000000000005,
  "failure_modes": "hard_touchdown;horizontal_speed;lateral_miss;tilt_over;excess_angular_rate",
  "final_altitude_m": 0.0,
  "final_mass_kg": 1220.1247548112192,
  "fuel_margin_kg": 370.1247548112192,
  "fuel_used_kg": 29.87524518878081,
  "horizontal_touchdown_velocity_mps": 28.467893638234415,
  "landing_position_error_m": 64.84785657822243,
  "max_dynamic_pressure_pa": 813.9784491072141,
  "oscillation_count": 0.0,
  "saturation_fraction": 0.0,
  "seed": 7.0,
  "success": false,
  "termination_reason": "touchdown",
  "tilt_angle_deg": 17.252592180547683,
  "touchdown_detected": true,
  "touchdown_speed_mps": 35.15516789040794,
  "touchdown_time_s": 6.3500000000000005,
  "vertical_touchdown_velocity_mps": -20.62679958706493,
  "yaw_excluded_from_success_criteria": true
}