{
  "angular_rate_norm_radps": 0.001990124365436402,
  "controller_type": "hybrid_residual_ppo",
  "duration_s": 8.8,
  "failure_modes": "hard_touchdown",
  "final_altitude_m": 0.0,
  "final_mass_kg": 1205.3058501059008,
  "fuel_margin_kg": 355.30585010590084,
  "fuel_used_kg": 44.694149894099155,
  "horizontal_touchdown_velocity_mps": 0.04866983497624247,
  "landing_position_error_m": 0.12409296951631166,
  "max_dynamic_pressure_pa": 243.98727808108436,
  "oscillation_count": 0.0,
  "saturation_fraction": 0.11299435028248588,
  "seed": 7.0,
  "success": false,
  "termination_reason": "touchdown",
  "tilt_angle_deg": 0.08854642675978555,
  "touchdown_detected": true,
  "touchdown_speed_mps": 4.438585808139609,
  "touchdown_time_s": 8.8,
  "vertical_touchdown_velocity_mps": -4.438318963682279,
  "yaw_excluded_from_success_criteria": true
}