{
  "angular_rate_norm_radps": 0.0019256403423131457,
  "duration_s": 9.540000000000001,
  "failure_modes": "none",
  "final_altitude_m": 0.0,
  "final_downrange_error_m": 0.06515807770828067,
  "final_mass_kg": 1200.8658352071834,
  "final_speed_mps": 0.6559612287648569,
  "fuel_margin_kg": 350.8658352071834,
  "fuel_used_kg": 49.13416479281659,
  "horizontal_touchdown_velocity_mps": 0.04012540539301063,
  "landing_position_error_m": 0.06515807770828067,
  "max_dynamic_pressure_pa": 326.79005338371627,
  "oscillation_count": 0.0,
  "requested_duration_s": 45.0,
  "saturation_fraction": 0.14644351464435146,
  "seed": 7.0,
  "success": true,
  "termination_reason": "touchdown",
  "tilt_angle_deg": 0.10748221701712281,
  "touchdown_detected": true,
  "touchdown_speed_mps": 0.6559612287648569,
  "touchdown_time_s": 9.540000000000001,
  "vertical_touchdown_velocity_mps": -0.6547328351967293,
  "yaw_excluded_from_success_criteria": true
}