{
  "angular_rate_norm_radps": 0.0017717215853464128,
  "duration_s": 9.44,
  "failure_modes": "none",
  "final_altitude_m": 0.0,
  "final_downrange_error_m": 0.03716743340947271,
  "final_mass_kg": 1198.4911671249452,
  "final_speed_mps": 0.6618073674786937,
  "fuel_margin_kg": 348.49116712494515,
  "fuel_used_kg": 51.50883287505485,
  "horizontal_touchdown_velocity_mps": 0.03371884630516071,
  "landing_position_error_m": 0.03716743340947271,
  "max_dynamic_pressure_pa": 362.4935122491484,
  "oscillation_count": 0.0,
  "requested_duration_s": 45.0,
  "saturation_fraction": 0.12050739957716702,
  "seed": 7.0,
  "success": true,
  "termination_reason": "touchdown",
  "tilt_angle_deg": 0.09177047935031074,
  "touchdown_detected": true,
  "touchdown_speed_mps": 0.6618073674786937,
  "touchdown_time_s": 9.44,
  "vertical_touchdown_velocity_mps": -0.6609478277844082,
  "yaw_excluded_from_success_criteria": true
}