{
  "final_altitude_m": 0.0,
  "final_mass_kg": 1206.709169965952,
  "fuel_margin_kg": 356.709169965952,
  "fuel_used_kg": 43.290830034047985,
  "success": false,
  "termination_reason": "touchdown",
  "touchdown_time_s": 9.049999999999994,
  "vertical_touchdown_velocity_mps": -8.249243773271207
}