{
  "angular_rate_norm_radps": 0.0026651226622129583,
  "controller_type": "hybrid_residual_ppo",
  "duration_s": 8.3,
  "failure_modes": "hard_touchdown",
  "final_altitude_m": 0.0,
  "final_mass_kg": 1209.0643060412003,
  "fuel_margin_kg": 359.0643060412003,
  "fuel_used_kg": 40.935693958799675,
  "horizontal_touchdown_velocity_mps": 0.04584111398614158,
  "landing_position_error_m": 0.12034939935026998,
  "max_dynamic_pressure_pa": 249.7823103419575,
  "oscillation_count": 0.0,
  "saturation_fraction": 0.10179640718562874,
  "seed": 7.0,
  "success": false,
  "termination_reason": "touchdown",
  "tilt_angle_deg": 0.15286033224684564,
  "touchdown_detected": true,
  "touchdown_speed_mps": 8.482401557231269,
  "touchdown_time_s": 8.3,
  "vertical_touchdown_velocity_mps": -8.482277687648994,
  "yaw_excluded_from_success_criteria": true
}