{
  "angular_rate_norm_radps": 0.0022493647915616125,
  "controller_type": "hybrid_residual_ppo",
  "duration_s": 8.6,
  "failure_modes": "hard_touchdown",
  "final_altitude_m": 0.0,
  "final_mass_kg": 1206.2018411181236,
  "fuel_margin_kg": 356.20184111812364,
  "fuel_used_kg": 43.79815888187636,
  "horizontal_touchdown_velocity_mps": 0.043935944252170456,
  "landing_position_error_m": 0.01737761134548809,
  "max_dynamic_pressure_pa": 249.18236740324056,
  "oscillation_count": 0.0,
  "saturation_fraction": 0.057803468208092484,
  "seed": 7.0,
  "success": false,
  "termination_reason": "touchdown",
  "tilt_angle_deg": 0.09229480677304816,
  "touchdown_detected": true,
  "touchdown_speed_mps": 4.754989804088905,
  "touchdown_time_s": 8.6,
  "vertical_touchdown_velocity_mps": -4.754786816440051,
  "yaw_excluded_from_success_criteria": true
}