{
  "angular_rate_norm_radps": 0.001969676343258953,
  "duration_s": 9.540000000000001,
  "failure_modes": "none",
  "final_altitude_m": 0.0,
  "final_downrange_error_m": 0.05360863043513972,
  "final_mass_kg": 1008.6786228199221,
  "final_speed_mps": 0.6609048980549993,
  "fuel_margin_kg": 158.6786228199221,
  "fuel_used_kg": 41.32137718007789,
  "horizontal_touchdown_velocity_mps": 0.043693345385538096,
  "landing_position_error_m": 0.05360863043513972,
  "max_dynamic_pressure_pa": 331.05287376318995,
  "oscillation_count": 0.0,
  "requested_duration_s": 45.0,
  "saturation_fraction": 0.14225941422594143,
  "seed": 7.0,
  "success": true,
  "termination_reason": "touchdown",
  "tilt_angle_deg": 0.11926627539663721,
  "touchdown_detected": true,
  "touchdown_speed_mps": 0.6609048980549993,
  "touchdown_time_s": 9.540000000000001,
  "vertical_touchdown_velocity_mps": -0.6594590023967442,
  "yaw_excluded_from_success_criteria": true
}