{
  "angular_rate_norm_radps": 0.0021365095300545775,
  "controller_type": "hybrid_residual_ppo",
  "duration_s": 8.65,
  "failure_modes": "hard_touchdown",
  "final_altitude_m": 0.0,
  "final_mass_kg": 1205.7775705560803,
  "fuel_margin_kg": 355.77757055608026,
  "fuel_used_kg": 44.22242944391974,
  "horizontal_touchdown_velocity_mps": 0.042878582150373816,
  "landing_position_error_m": 0.015996620798130076,
  "max_dynamic_pressure_pa": 249.18236740324056,
  "oscillation_count": 0.0,
  "saturation_fraction": 0.07471264367816093,
  "seed": 7.0,
  "success": false,
  "termination_reason": "touchdown",
  "tilt_angle_deg": 0.08639350922870132,
  "touchdown_detected": true,
  "touchdown_speed_mps": 4.26291865323633,
  "touchdown_time_s": 8.65,
  "vertical_touchdown_velocity_mps": -4.262703000597511,
  "yaw_excluded_from_success_criteria": true
}