{
  "angular_rate_norm_radps": 0.0020301463140137473,
  "duration_s": 9.540000000000001,
  "failure_modes": "none",
  "final_altitude_m": 0.0,
  "final_downrange_error_m": 0.0499477783688384,
  "final_mass_kg": 1200.8626831160313,
  "final_speed_mps": 0.6555338317279101,
  "fuel_margin_kg": 350.86268311603135,
  "fuel_used_kg": 49.13731688396865,
  "horizontal_touchdown_velocity_mps": 0.03861320249531843,
  "landing_position_error_m": 0.0499477783688384,
  "max_dynamic_pressure_pa": 331.19700314036754,
  "oscillation_count": 0.0,
  "requested_duration_s": 45.0,
  "saturation_fraction": 0.14853556485355648,
  "seed": 7.0,
  "success": true,
  "termination_reason": "touchdown",
  "tilt_angle_deg": 0.09374816175445332,
  "touchdown_detected": true,
  "touchdown_speed_mps": 0.6555338317279101,
  "touchdown_time_s": 9.540000000000001,
  "vertical_touchdown_velocity_mps": -0.6543956182103694,
  "yaw_excluded_from_success_criteria": true
}