{
  "angular_rate_norm_radps": 0.002027460069620925,
  "controller_type": "hybrid_residual_ppo",
  "duration_s": 8.8,
  "failure_modes": "hard_touchdown",
  "final_altitude_m": 0.0,
  "final_mass_kg": 1205.189377026811,
  "fuel_margin_kg": 355.1893770268109,
  "fuel_used_kg": 44.81062297318908,
  "horizontal_touchdown_velocity_mps": 0.04856423911345107,
  "landing_position_error_m": 0.12138092366568934,
  "max_dynamic_pressure_pa": 243.98487282694992,
  "oscillation_count": 0.0,
  "saturation_fraction": 0.12429378531073447,
  "seed": 7.0,
  "success": false,
  "termination_reason": "touchdown",
  "tilt_angle_deg": 0.08681907489121546,
  "touchdown_detected": true,
  "touchdown_speed_mps": 4.1687751959457975,
  "touchdown_time_s": 8.8,
  "vertical_touchdown_velocity_mps": -4.168492311257423,
  "yaw_excluded_from_success_criteria": true
}