{
  "angular_rate_norm_radps": 0.00224989147922578,
  "controller_type": "hybrid_residual_ppo",
  "duration_s": 8.6,
  "failure_modes": "hard_touchdown",
  "final_altitude_m": 0.0,
  "final_mass_kg": 1206.2023357873932,
  "fuel_margin_kg": 356.20233578739317,
  "fuel_used_kg": 43.79766421260683,
  "horizontal_touchdown_velocity_mps": 0.04393532047460532,
  "landing_position_error_m": 0.017376184278139847,
  "max_dynamic_pressure_pa": 249.18236740324056,
  "oscillation_count": 0.0,
  "saturation_fraction": 0.057803468208092484,
  "seed": 7.0,
  "success": false,
  "termination_reason": "touchdown",
  "tilt_angle_deg": 0.09231375616834153,
  "touchdown_detected": true,
  "touchdown_speed_mps": 4.756131994028765,
  "touchdown_time_s": 8.6,
  "vertical_touchdown_velocity_mps": -4.755929060892186,
  "yaw_excluded_from_success_criteria": true
}