{
  "final_vz_ref_mps": -0.8,
  "max_abs_vertical_tracking_error_mps": 4.1100284169691195,
  "max_horizontal_speed_mps": 0.08477374078626268,
  "max_throttle_rate_per_s": 0.259216336118,
  "max_tilt_deg": 0.2387533772624155,
  "mean_horizontal_speed_mps": 0.06198116632477325,
  "mean_throttle": 0.9227936478797713,
  "mean_tilt_deg": 0.15574210212823725,
  "mean_vertical_tracking_error_mps": -4.022818171317352,
  "samples": 21,
  "time_end_s": 8.6,
  "time_start_s": 7.6000000000000005,
  "window_s": 1.0
}