{
  "angular_rate_norm_radps": 0.0026221660914513036,
  "controller_type": "hybrid_residual_ppo",
  "duration_s": 8.15,
  "failure_modes": "hard_touchdown",
  "final_altitude_m": 0.0,
  "final_mass_kg": 1209.7749300847906,
  "fuel_margin_kg": 359.77493008479064,
  "fuel_used_kg": 40.22506991520936,
  "horizontal_touchdown_velocity_mps": 0.05823980549758042,
  "landing_position_error_m": 0.08449973926864456,
  "max_dynamic_pressure_pa": 253.6721084890115,
  "oscillation_count": 0.0,
  "saturation_fraction": 0.0975609756097561,
  "seed": 7.0,
  "success": false,
  "termination_reason": "touchdown",
  "tilt_angle_deg": 0.16335379141847506,
  "touchdown_detected": true,
  "touchdown_speed_mps": 8.865510416280264,
  "touchdown_time_s": 8.15,
  "vertical_touchdown_velocity_mps": -8.865319118127077,
  "yaw_excluded_from_success_criteria": true
}