{
  "angular_rate_norm_radps": 0.0021059542824243753,
  "controller_type": "hybrid_residual_ppo",
  "duration_s": 8.65,
  "failure_modes": "hard_touchdown",
  "final_altitude_m": 0.0,
  "final_mass_kg": 1205.8702397112863,
  "fuel_margin_kg": 355.87023971128633,
  "fuel_used_kg": 44.12976028871367,
  "horizontal_touchdown_velocity_mps": 0.04445022553202292,
  "landing_position_error_m": 0.12619814344757585,
  "max_dynamic_pressure_pa": 248.2116389321789,
  "oscillation_count": 0.0,
  "saturation_fraction": 0.10344827586206896,
  "seed": 7.0,
  "success": false,
  "termination_reason": "touchdown",
  "tilt_angle_deg": 0.09054382702405712,
  "touchdown_detected": true,
  "touchdown_speed_mps": 4.462939312228932,
  "touchdown_time_s": 8.65,
  "vertical_touchdown_velocity_mps": -4.462717947852923,
  "yaw_excluded_from_success_criteria": true
}