{
  "angular_rate_norm_radps": 0.0022496281242620894,
  "controller_type": "hybrid_residual_ppo",
  "duration_s": 8.6,
  "failure_modes": "hard_touchdown",
  "final_altitude_m": 0.0,
  "final_mass_kg": 1206.202088444384,
  "fuel_margin_kg": 356.2020884443839,
  "fuel_used_kg": 43.79791155561611,
  "horizontal_touchdown_velocity_mps": 0.04393563259669224,
  "landing_position_error_m": 0.017376897807717222,
  "max_dynamic_pressure_pa": 249.18236740324056,
  "oscillation_count": 0.0,
  "saturation_fraction": 0.057803468208092484,
  "seed": 7.0,
  "success": false,
  "termination_reason": "touchdown",
  "tilt_angle_deg": 0.09230427990966074,
  "touchdown_detected": true,
  "touchdown_speed_mps": 4.755560879865353,
  "touchdown_time_s": 8.6,
  "vertical_touchdown_velocity_mps": -4.755357919472945,
  "yaw_excluded_from_success_criteria": true
}