{
  "angular_rate_norm_radps": 0.0017630899882070715,
  "duration_s": 9.540000000000001,
  "failure_modes": "none",
  "final_altitude_m": 0.0,
  "final_downrange_error_m": 0.08232811764813865,
  "final_mass_kg": 1200.8877055982496,
  "final_speed_mps": 0.6563974692099834,
  "fuel_margin_kg": 350.88770559824957,
  "fuel_used_kg": 49.11229440175043,
  "horizontal_touchdown_velocity_mps": 0.04251925811570462,
  "landing_position_error_m": 0.08232811764813865,
  "max_dynamic_pressure_pa": 342.7186736029138,
  "oscillation_count": 0.0,
  "requested_duration_s": 45.0,
  "saturation_fraction": 0.14644351464435146,
  "seed": 7.0,
  "success": true,
  "termination_reason": "touchdown",
  "tilt_angle_deg": 0.07632321209977672,
  "touchdown_detected": true,
  "touchdown_speed_mps": 0.6563974692099834,
  "touchdown_time_s": 9.540000000000001,
  "vertical_touchdown_velocity_mps": -0.6550188930668803,
  "yaw_excluded_from_success_criteria": true
}