{
  "final_vz_ref_mps": -0.8,
  "max_abs_vertical_tracking_error_mps": 16.49878688522671,
  "max_horizontal_speed_mps": 16.097549856234725,
  "max_throttle_rate_per_s": 0.015557544201361129,
  "max_tilt_deg": 72.70784109707198,
  "mean_horizontal_speed_mps": 12.129063572712619,
  "mean_throttle": 0.7628570297592623,
  "mean_tilt_deg": 52.32294164191925,
  "mean_vertical_tracking_error_mps": -10.818496541520508,
  "samples": 21,
  "time_end_s": 7.45,
  "time_start_s": 6.45,
  "window_s": 1.0
}