{
  "angular_rate_norm_radps": 0.0017797948570078465,
  "controller_type": "hybrid_residual_ppo",
  "duration_s": 9.15,
  "failure_modes": "hard_touchdown",
  "final_altitude_m": 0.0,
  "final_mass_kg": 1202.9620623207613,
  "fuel_margin_kg": 352.96206232076133,
  "fuel_used_kg": 47.03793767923867,
  "horizontal_touchdown_velocity_mps": 0.041646962540272746,
  "landing_position_error_m": 0.04264980256327861,
  "max_dynamic_pressure_pa": 245.03973338265564,
  "oscillation_count": 0.0,
  "saturation_fraction": 0.09782608695652174,
  "seed": 7.0,
  "success": false,
  "termination_reason": "touchdown",
  "tilt_angle_deg": 0.08121675604088972,
  "touchdown_detected": true,
  "touchdown_speed_mps": 2.4749759548927384,
  "touchdown_time_s": 9.15,
  "vertical_touchdown_velocity_mps": -2.474625528803983,
  "yaw_excluded_from_success_criteria": true
}