{
  "angular_rate_norm_radps": 0.00183359520231276,
  "controller_type": "hybrid_residual_ppo",
  "duration_s": 9.25,
  "failure_modes": "none",
  "final_altitude_m": 0.0,
  "final_mass_kg": 1202.1969116407577,
  "fuel_margin_kg": 352.19691164075766,
  "fuel_used_kg": 47.80308835924234,
  "horizontal_touchdown_velocity_mps": 0.03719054534537687,
  "landing_position_error_m": 0.04818607017530462,
  "max_dynamic_pressure_pa": 245.0162410488718,
  "oscillation_count": 0.0,
  "saturation_fraction": 0.11827956989247312,
  "seed": 7.0,
  "success": true,
  "termination_reason": "touchdown",
  "tilt_angle_deg": 0.07332856981805448,
  "touchdown_detected": true,
  "touchdown_speed_mps": 1.6770905809967669,
  "touchdown_time_s": 9.25,
  "vertical_touchdown_velocity_mps": -1.6766781683450724,
  "yaw_excluded_from_success_criteria": true
}