{
  "angular_rate_norm_radps": 1.7674859360530075,
  "duration_s": 3.8000000000000003,
  "failure_modes": "hard_touchdown;horizontal_speed;lateral_miss;tilt_over;excess_angular_rate;saturation_driven_instability",
  "final_altitude_m": 0.0,
  "final_downrange_error_m": 7.507359466995717,
  "final_mass_kg": 1229.5943309860188,
  "final_speed_mps": 46.8126398351938,
  "fuel_margin_kg": 379.5943309860188,
  "fuel_used_kg": 20.405669013981196,
  "horizontal_touchdown_velocity_mps": 7.222902444167226,
  "landing_position_error_m": 7.507359466995717,
  "max_dynamic_pressure_pa": 1355.9389933842522,
  "oscillation_count": 0.0,
  "requested_duration_s": 45.0,
  "saturation_fraction": 1.0,
  "seed": 7.0,
  "success": false,
  "termination_reason": "touchdown",
  "tilt_angle_deg": 74.65092147898244,
  "touchdown_detected": true,
  "touchdown_speed_mps": 46.8126398351938,
  "touchdown_time_s": 3.8000000000000003,
  "vertical_touchdown_velocity_mps": -46.252058641984966,
  "yaw_excluded_from_success_criteria": true
}