{
  "angular_rate_norm_radps": 0.31890970105923694,
  "duration_s": 5.649999999999988,
  "failure_modes": "hard_touchdown;horizontal_speed;lateral_miss",
  "final_altitude_m": 0.0,
  "final_mass_kg": 1228.0266426821597,
  "fuel_margin_kg": 378.0266426821597,
  "fuel_used_kg": 21.973357317840282,
  "horizontal_touchdown_velocity_mps": 13.645481567623804,
  "landing_position_error_m": 23.922188087995746,
  "max_dynamic_pressure_pa": 530.5223345396313,
  "oscillation_count": 0.0,
  "saturation_fraction": 0.0,
  "seed": 7.0,
  "success": false,
  "termination_reason": "touchdown",
  "tilt_angle_deg": 3.585100445156503,
  "touchdown_detected": true,
  "touchdown_speed_mps": 28.61475633933419,
  "touchdown_time_s": 5.649999999999988,
  "vertical_touchdown_velocity_mps": -25.15164235486632,
  "yaw_excluded_from_success_criteria": true
}