{
  "angular_rate_norm_radps": 0.003761813299348876,
  "controller_type": "hybrid_residual_ppo",
  "duration_s": 7.65,
  "failure_modes": "hard_touchdown",
  "final_altitude_m": 0.0,
  "final_mass_kg": 1212.9072801116806,
  "fuel_margin_kg": 362.9072801116806,
  "fuel_used_kg": 37.09271988831938,
  "horizontal_touchdown_velocity_mps": 0.0704301342525781,
  "landing_position_error_m": 0.15568399827253973,
  "max_dynamic_pressure_pa": 256.4175049118135,
  "oscillation_count": 0.0,
  "saturation_fraction": 0.11038961038961038,
  "seed": 7.0,
  "success": false,
  "termination_reason": "touchdown",
  "tilt_angle_deg": 0.2448164324569013,
  "touchdown_detected": true,
  "touchdown_speed_mps": 10.944579520459767,
  "touchdown_time_s": 7.65,
  "vertical_touchdown_velocity_mps": -10.944352903477505,
  "yaw_excluded_from_success_criteria": true
}