{
  "angular_rate_norm_radps": 0.0023422191200258486,
  "controller_type": "hybrid_residual_ppo",
  "duration_s": 8.55,
  "failure_modes": "hard_touchdown",
  "final_altitude_m": 0.0,
  "final_mass_kg": 1206.6244659368992,
  "fuel_margin_kg": 356.62446593689924,
  "fuel_used_kg": 43.37553406310076,
  "horizontal_touchdown_velocity_mps": 0.04516388160268505,
  "landing_position_error_m": 0.018901817697603667,
  "max_dynamic_pressure_pa": 249.18236740324056,
  "oscillation_count": 0.0,
  "saturation_fraction": 0.046511627906976744,
  "seed": 7.0,
  "success": false,
  "termination_reason": "touchdown",
  "tilt_angle_deg": 0.09865656089002844,
  "touchdown_detected": true,
  "touchdown_speed_mps": 5.243069898619961,
  "touchdown_time_s": 8.55,
  "vertical_touchdown_velocity_mps": -5.24287537383956,
  "yaw_excluded_from_success_criteria": true
}