{
  "angular_rate_norm_radps": 0.00044072424520667753,
  "controller_type": "hybrid_residual_ppo",
  "duration_s": 30.0,
  "failure_modes": "no_touchdown;hard_touchdown",
  "final_altitude_m": 234.3438112750305,
  "final_mass_kg": 1112.8099023679674,
  "fuel_margin_kg": 262.8099023679674,
  "fuel_used_kg": 137.19009763203258,
  "horizontal_touchdown_velocity_mps": 0.0020930783866186914,
  "landing_position_error_m": 0.06781979535684807,
  "max_dynamic_pressure_pa": 244.99196659001188,
  "oscillation_count": 0.0,
  "saturation_fraction": 0.033277870216306155,
  "seed": 7.0,
  "success": false,
  "termination_reason": "timeout",
  "tilt_angle_deg": 0.06775277318202799,
  "touchdown_detected": false,
  "touchdown_speed_mps": 9.583885957846674,
  "touchdown_time_s": 30.0,
  "vertical_touchdown_velocity_mps": 9.58388572928713,
  "yaw_excluded_from_success_criteria": true
}