{
  "angular_rate_norm_radps": 0.0019483879816359947,
  "duration_s": 9.5,
  "failure_modes": "none",
  "final_altitude_m": 0.0,
  "final_downrange_error_m": 0.04684512498982152,
  "final_mass_kg": 1297.129141845851,
  "final_speed_mps": 0.7055194427426781,
  "fuel_margin_kg": 447.1291418458511,
  "fuel_used_kg": 52.87085815414889,
  "horizontal_touchdown_velocity_mps": 0.04017629766024203,
  "landing_position_error_m": 0.04684512498982152,
  "max_dynamic_pressure_pa": 326.96103276890256,
  "oscillation_count": 0.0,
  "requested_duration_s": 45.0,
  "saturation_fraction": 0.20588235294117646,
  "seed": 7.0,
  "success": true,
  "termination_reason": "touchdown",
  "tilt_angle_deg": 0.11236996277742267,
  "touchdown_detected": true,
  "touchdown_speed_mps": 0.7055194427426781,
  "touchdown_time_s": 9.5,
  "vertical_touchdown_velocity_mps": -0.7043745801732588,
  "yaw_excluded_from_success_criteria": true
}