{
  "angular_rate_norm_radps": 0.00379935577258203,
  "controller_type": "hybrid_residual_ppo",
  "duration_s": 7.65,
  "failure_modes": "hard_touchdown",
  "final_altitude_m": 0.0,
  "final_mass_kg": 1213.0179774539108,
  "fuel_margin_kg": 363.0179774539108,
  "fuel_used_kg": 36.98202254608918,
  "horizontal_touchdown_velocity_mps": 0.06952068402385783,
  "landing_position_error_m": 0.1533608970790296,
  "max_dynamic_pressure_pa": 254.11778738794195,
  "oscillation_count": 0.0,
  "saturation_fraction": 0.11038961038961038,
  "seed": 7.0,
  "success": false,
  "termination_reason": "touchdown",
  "tilt_angle_deg": 0.24672530846118335,
  "touchdown_detected": true,
  "touchdown_speed_mps": 11.195680383842003,
  "touchdown_time_s": 7.65,
  "vertical_touchdown_velocity_mps": -11.195464533981495,
  "yaw_excluded_from_success_criteria": true
}